{
   "__inputs": [ ],
   "__requires": [ ],
   "annotations": {
      "list": [ ]
   },
   "editable": true,
   "gnetId": null,
   "graphTooltip": 0,
   "hideControls": false,
   "id": null,
   "links": [ ],
   "refresh": "1m",
   "rows": [
      {
         "collapse": false,
         "collapsed": false,
         "panels": [
            {
               "cacheTimeout": null,
               "colorBackground": false,
               "colorValue": false,
               "colors": [
                  "#d44a3a",
                  "rgba(237, 129, 40, 0.89)",
                  "#299c46"
               ],
               "datasource": "$PROMETHEUS_DS",
               "decimals": 0,
               "format": "percentunit",
               "gauge": {
                  "maxValue": 1,
                  "minValue": 0,
                  "show": true,
                  "thresholdLabels": false,
                  "thresholdMarkers": true
               },
               "gridPos": {
                  "h": 4,
                  "w": 4
               },
               "id": 2,
               "interval": null,
               "links": [ ],
               "mappingType": 1,
               "mappingTypes": [
                  {
                     "name": "value to text",
                     "value": 1
                  },
                  {
                     "name": "range to text",
                     "value": 2
                  }
               ],
               "maxDataPoints": 100,
               "nullPointMode": "connected",
               "nullText": null,
               "postfix": "",
               "postfixFontSize": "50%",
               "prefix": "",
               "prefixFontSize": "50%",
               "rangeMaps": [
                  {
                     "from": "null",
                     "text": "N/A",
                     "to": "null"
                  }
               ],
               "span": 2,
               "sparkline": {
                  "fillColor": "rgba(31, 118, 189, 0.18)",
                  "full": false,
                  "lineColor": "rgb(31, 120, 193)",
                  "show": false
               },
               "tableColumn": "",
               "targets": [
                  {
                     "expr": "avg(irate(org_apache_cassandra_metrics_cache_count{scope=\"KeyCache\", name=\"Hits\"}[1m]) / on (instance) irate(org_apache_cassandra_metrics_cache_count{scope=\"KeyCache\", name=\"Requests\"}[1m]))",
                     "format": "time_series",
                     "intervalFactor": 2,
                     "legendFormat": "",
                     "refId": "A"
                  }
               ],
               "thresholds": "0.80,0.90",
               "timeFrom": "",
               "title": "Key Cache Hit Rate",
               "type": "singlestat",
               "valueFontSize": "80%",
               "valueMaps": [
                  {
                     "op": "=",
                     "text": "0",
                     "value": "null"
                  }
               ],
               "valueName": "avg"
            },
            {
               "cacheTimeout": null,
               "colorBackground": false,
               "colorValue": false,
               "colors": [
                  "#d44a3a",
                  "rgba(237, 129, 40, 0.89)",
                  "#299c46"
               ],
               "datasource": "$PROMETHEUS_DS",
               "decimals": 0,
               "format": "percentunit",
               "gauge": {
                  "maxValue": 1,
                  "minValue": 0,
                  "show": true,
                  "thresholdLabels": false,
                  "thresholdMarkers": true
               },
               "gridPos": {
                  "h": 4,
                  "w": 4
               },
               "id": 3,
               "interval": null,
               "links": [ ],
               "mappingType": 1,
               "mappingTypes": [
                  {
                     "name": "value to text",
                     "value": 1
                  },
                  {
                     "name": "range to text",
                     "value": 2
                  }
               ],
               "maxDataPoints": 100,
               "nullPointMode": "connected",
               "nullText": null,
               "postfix": "",
               "postfixFontSize": "50%",
               "prefix": "",
               "prefixFontSize": "50%",
               "rangeMaps": [
                  {
                     "from": "null",
                     "text": "N/A",
                     "to": "null"
                  }
               ],
               "span": 2,
               "sparkline": {
                  "fillColor": "rgba(31, 118, 189, 0.18)",
                  "full": false,
                  "lineColor": "rgb(31, 120, 193)",
                  "show": false
               },
               "tableColumn": "",
               "targets": [
                  {
                     "expr": "avg(irate(org_apache_cassandra_metrics_cache_count{scope=\"CounterCache\", name=\"Hits\"}[1m]) / on (instance) irate(org_apache_cassandra_metrics_cache_count{scope=\"CounterCache\", name=\"Requests\"}[1m]))",
                     "format": "time_series",
                     "intervalFactor": 2,
                     "legendFormat": "",
                     "refId": "A"
                  }
               ],
               "thresholds": "0.80,0.90",
               "timeFrom": "",
               "title": "Counter Cache Hit Rate",
               "type": "singlestat",
               "valueFontSize": "80%",
               "valueMaps": [
                  {
                     "op": "=",
                     "text": "0",
                     "value": "null"
                  }
               ],
               "valueName": "avg"
            },
            {
               "cacheTimeout": null,
               "colorBackground": false,
               "colorValue": false,
               "colors": [
                  "#d44a3a",
                  "rgba(237, 129, 40, 0.89)",
                  "#299c46"
               ],
               "datasource": "$PROMETHEUS_DS",
               "decimals": 0,
               "format": "percentunit",
               "gauge": {
                  "maxValue": 1,
                  "minValue": 0,
                  "show": true,
                  "thresholdLabels": false,
                  "thresholdMarkers": true
               },
               "gridPos": {
                  "h": 4,
                  "w": 4
               },
               "id": 4,
               "interval": null,
               "links": [ ],
               "mappingType": 1,
               "mappingTypes": [
                  {
                     "name": "value to text",
                     "value": 1
                  },
                  {
                     "name": "range to text",
                     "value": 2
                  }
               ],
               "maxDataPoints": 100,
               "nullPointMode": "connected",
               "nullText": null,
               "postfix": "",
               "postfixFontSize": "50%",
               "prefix": "",
               "prefixFontSize": "50%",
               "rangeMaps": [
                  {
                     "from": "null",
                     "text": "N/A",
                     "to": "null"
                  }
               ],
               "span": 2,
               "sparkline": {
                  "fillColor": "rgba(31, 118, 189, 0.18)",
                  "full": false,
                  "lineColor": "rgb(31, 120, 193)",
                  "show": false
               },
               "tableColumn": "",
               "targets": [
                  {
                     "expr": "avg(irate(org_apache_cassandra_metrics_cache_count{scope=\"RowCache\", name=\"Hits\"}[1m]) / on (instance) irate(org_apache_cassandra_metrics_cache_count{scope=\"RowCache\", name=\"Requests\"}[1m]))",
                     "format": "time_series",
                     "intervalFactor": 2,
                     "legendFormat": "",
                     "refId": "A"
                  }
               ],
               "thresholds": "0.80,0.90",
               "timeFrom": "",
               "title": "Row Cache Hit Rate",
               "type": "singlestat",
               "valueFontSize": "80%",
               "valueMaps": [
                  {
                     "op": "=",
                     "text": "0",
                     "value": "null"
                  }
               ],
               "valueName": "avg"
            },
            {
               "cacheTimeout": null,
               "colorBackground": false,
               "colorValue": false,
               "colors": [
                  "#d44a3a",
                  "rgba(237, 129, 40, 0.89)",
                  "#299c46"
               ],
               "datasource": "$PROMETHEUS_DS",
               "decimals": 0,
               "format": "percentunit",
               "gauge": {
                  "maxValue": 1,
                  "minValue": 0,
                  "show": true,
                  "thresholdLabels": false,
                  "thresholdMarkers": true
               },
               "gridPos": {
                  "h": 4,
                  "w": 4
               },
               "id": 5,
               "interval": null,
               "links": [ ],
               "mappingType": 1,
               "mappingTypes": [
                  {
                     "name": "value to text",
                     "value": 1
                  },
                  {
                     "name": "range to text",
                     "value": 2
                  }
               ],
               "maxDataPoints": 100,
               "nullPointMode": "connected",
               "nullText": null,
               "postfix": "",
               "postfixFontSize": "50%",
               "prefix": "",
               "prefixFontSize": "50%",
               "rangeMaps": [
                  {
                     "from": "null",
                     "text": "N/A",
                     "to": "null"
                  }
               ],
               "span": 2,
               "sparkline": {
                  "fillColor": "rgba(31, 118, 189, 0.18)",
                  "full": false,
                  "lineColor": "rgb(31, 120, 193)",
                  "show": false
               },
               "tableColumn": "",
               "targets": [
                  {
                     "expr": "avg(irate(org_apache_cassandra_metrics_cache_count{scope=\"ChunkCache\", name=\"Hits\"}[1m]) / on (instance) irate(org_apache_cassandra_metrics_cache_count{scope=\"ChunkCache\", name=\"Requests\"}[1m]))",
                     "format": "time_series",
                     "intervalFactor": 2,
                     "legendFormat": "",
                     "refId": "A"
                  }
               ],
               "thresholds": "0.80,0.90",
               "timeFrom": "",
               "title": "Chunk Cache Hit Rate",
               "type": "singlestat",
               "valueFontSize": "80%",
               "valueMaps": [
                  {
                     "op": "=",
                     "text": "0",
                     "value": "null"
                  }
               ],
               "valueName": "avg"
            }
         ],
         "repeat": null,
         "repeatIteration": null,
         "repeatRowId": null,
         "showTitle": true,
         "title": "Quick Stats",
         "titleSize": "h6",
         "type": "row"
      },
      {
         "collapse": false,
         "collapsed": false,
         "panels": [
            {
               "aliasColors": { },
               "bars": false,
               "dashLength": 10,
               "dashes": false,
               "datasource": "$PROMETHEUS_DS",
               "fill": 1,
               "gridPos": { },
               "id": 6,
               "legend": {
                  "alignAsTable": false,
                  "avg": false,
                  "current": false,
                  "max": false,
                  "min": false,
                  "rightSide": false,
                  "show": true,
                  "total": false,
                  "values": false
               },
               "lines": true,
               "linewidth": 1,
               "links": [ ],
               "nullPointMode": "null",
               "percentage": false,
               "pointradius": 5,
               "points": false,
               "renderer": "flot",
               "repeat": null,
               "seriesOverrides": [ ],
               "spaceLength": 10,
               "stack": false,
               "steppedLine": false,
               "targets": [
                  {
                     "expr": "org_apache_cassandra_metrics_cache_oneminuterate{scope=\"KeyCache\", name=\"Hits\"} / on (instance) org_apache_cassandra_metrics_cache_oneminuterate{scope=\"KeyCache\", name=\"Requests\"} ",
                     "format": "time_series",
                     "intervalFactor": 2,
                     "legendFormat": "{{instance}}",
                     "refId": "A"
                  }
               ],
               "thresholds": [ ],
               "timeFrom": null,
               "timeShift": null,
               "title": "Key Cache",
               "tooltip": {
                  "shared": true,
                  "sort": 0,
                  "value_type": "individual"
               },
               "type": "graph",
               "xaxis": {
                  "buckets": null,
                  "mode": "time",
                  "name": null,
                  "show": true,
                  "values": [ ]
               },
               "yaxes": [
                  {
                     "decimals": 1,
                     "format": "percentunit",
                     "label": null,
                     "logBase": 1,
                     "max": null,
                     "min": null,
                     "show": true
                  },
                  {
                     "decimals": 1,
                     "format": "percentunit",
                     "label": null,
                     "logBase": 1,
                     "max": null,
                     "min": null,
                     "show": true
                  }
               ]
            }
         ],
         "repeat": null,
         "repeatIteration": null,
         "repeatRowId": null,
         "showTitle": true,
         "title": "Key Cache",
         "titleSize": "h6",
         "type": "row"
      },
      {
         "collapse": false,
         "collapsed": false,
         "panels": [
            {
               "aliasColors": { },
               "bars": false,
               "dashLength": 10,
               "dashes": false,
               "datasource": "$PROMETHEUS_DS",
               "fill": 1,
               "gridPos": { },
               "id": 7,
               "legend": {
                  "alignAsTable": false,
                  "avg": false,
                  "current": false,
                  "max": false,
                  "min": false,
                  "rightSide": false,
                  "show": true,
                  "total": false,
                  "values": false
               },
               "lines": true,
               "linewidth": 1,
               "links": [ ],
               "nullPointMode": "null",
               "percentage": false,
               "pointradius": 5,
               "points": false,
               "renderer": "flot",
               "repeat": null,
               "seriesOverrides": [ ],
               "spaceLength": 10,
               "stack": false,
               "steppedLine": false,
               "targets": [
                  {
                     "expr": "org_apache_cassandra_metrics_cache_oneminuterate{scope=\"CounterCache\", name=\"Hits\"} / on (instance) org_apache_cassandra_metrics_cache_oneminuterate{scope=\"CounterCache\", name=\"Requests\"} ",
                     "format": "time_series",
                     "intervalFactor": 2,
                     "legendFormat": "{{instance}}",
                     "refId": "A"
                  }
               ],
               "thresholds": [ ],
               "timeFrom": null,
               "timeShift": null,
               "title": "Counter Cache",
               "tooltip": {
                  "shared": true,
                  "sort": 0,
                  "value_type": "individual"
               },
               "type": "graph",
               "xaxis": {
                  "buckets": null,
                  "mode": "time",
                  "name": null,
                  "show": true,
                  "values": [ ]
               },
               "yaxes": [
                  {
                     "decimals": 1,
                     "format": "percentunit",
                     "label": null,
                     "logBase": 1,
                     "max": null,
                     "min": null,
                     "show": true
                  },
                  {
                     "decimals": 1,
                     "format": "percentunit",
                     "label": null,
                     "logBase": 1,
                     "max": null,
                     "min": null,
                     "show": true
                  }
               ]
            }
         ],
         "repeat": null,
         "repeatIteration": null,
         "repeatRowId": null,
         "showTitle": true,
         "title": "Counter Cache",
         "titleSize": "h6",
         "type": "row"
      },
      {
         "collapse": false,
         "collapsed": false,
         "panels": [
            {
               "aliasColors": { },
               "bars": false,
               "dashLength": 10,
               "dashes": false,
               "datasource": "$PROMETHEUS_DS",
               "fill": 1,
               "gridPos": { },
               "id": 8,
               "legend": {
                  "alignAsTable": false,
                  "avg": false,
                  "current": false,
                  "max": false,
                  "min": false,
                  "rightSide": false,
                  "show": true,
                  "total": false,
                  "values": false
               },
               "lines": true,
               "linewidth": 1,
               "links": [ ],
               "nullPointMode": "null",
               "percentage": false,
               "pointradius": 5,
               "points": false,
               "renderer": "flot",
               "repeat": null,
               "seriesOverrides": [ ],
               "spaceLength": 10,
               "stack": false,
               "steppedLine": false,
               "targets": [
                  {
                     "expr": "org_apache_cassandra_metrics_cache_oneminuterate{scope=\"RowCache\", name=\"Hits\"} / on (instance) org_apache_cassandra_metrics_cache_oneminuterate{scope=\"RowCache\", name=\"Requests\"} ",
                     "format": "time_series",
                     "intervalFactor": 2,
                     "legendFormat": "{{instance}}",
                     "refId": "A"
                  }
               ],
               "thresholds": [ ],
               "timeFrom": null,
               "timeShift": null,
               "title": "Row Cache",
               "tooltip": {
                  "shared": true,
                  "sort": 0,
                  "value_type": "individual"
               },
               "type": "graph",
               "xaxis": {
                  "buckets": null,
                  "mode": "time",
                  "name": null,
                  "show": true,
                  "values": [ ]
               },
               "yaxes": [
                  {
                     "decimals": 1,
                     "format": "percentunit",
                     "label": null,
                     "logBase": 1,
                     "max": null,
                     "min": null,
                     "show": true
                  },
                  {
                     "decimals": 1,
                     "format": "percentunit",
                     "label": null,
                     "logBase": 1,
                     "max": null,
                     "min": null,
                     "show": true
                  }
               ]
            }
         ],
         "repeat": null,
         "repeatIteration": null,
         "repeatRowId": null,
         "showTitle": true,
         "title": "Row Cache",
         "titleSize": "h6",
         "type": "row"
      },
      {
         "collapse": false,
         "collapsed": false,
         "panels": [
            {
               "aliasColors": { },
               "bars": false,
               "dashLength": 10,
               "dashes": false,
               "datasource": "$PROMETHEUS_DS",
               "fill": 1,
               "gridPos": { },
               "id": 9,
               "legend": {
                  "alignAsTable": false,
                  "avg": false,
                  "current": false,
                  "max": false,
                  "min": false,
                  "rightSide": false,
                  "show": true,
                  "total": false,
                  "values": false
               },
               "lines": true,
               "linewidth": 1,
               "links": [ ],
               "nullPointMode": "null",
               "percentage": false,
               "pointradius": 5,
               "points": false,
               "renderer": "flot",
               "repeat": null,
               "seriesOverrides": [ ],
               "spaceLength": 10,
               "stack": false,
               "steppedLine": false,
               "targets": [
                  {
                     "expr": "org_apache_cassandra_metrics_cache_oneminuterate{scope=\"ChunkCache\", name=\"Hits\"} / on (instance) org_apache_cassandra_metrics_cache_oneminuterate{scope=\"ChunkCache\", name=\"Requests\"} ",
                     "format": "time_series",
                     "intervalFactor": 2,
                     "legendFormat": "{{instance}}",
                     "refId": "A"
                  }
               ],
               "thresholds": [ ],
               "timeFrom": null,
               "timeShift": null,
               "title": "Chunk Cache",
               "tooltip": {
                  "shared": true,
                  "sort": 0,
                  "value_type": "individual"
               },
               "type": "graph",
               "xaxis": {
                  "buckets": null,
                  "mode": "time",
                  "name": null,
                  "show": true,
                  "values": [ ]
               },
               "yaxes": [
                  {
                     "decimals": 1,
                     "format": "percentunit",
                     "label": null,
                     "logBase": 1,
                     "max": null,
                     "min": null,
                     "show": true
                  },
                  {
                     "decimals": 1,
                     "format": "percentunit",
                     "label": null,
                     "logBase": 1,
                     "max": null,
                     "min": null,
                     "show": true
                  }
               ]
            }
         ],
         "repeat": null,
         "repeatIteration": null,
         "repeatRowId": null,
         "showTitle": true,
         "title": "Chunk Cache",
         "titleSize": "h6",
         "type": "row"
      }
   ],
   "schemaVersion": 14,
   "style": "dark",
   "tags": [
      "Cassandra",
      "Resources",
      "Cache"
   ],
   "templating": {
      "list": [
         {
            "current": {
               "text": "Prometheus",
               "value": "Prometheus"
            },
            "hide": 1,
            "label": null,
            "name": "PROMETHEUS_DS",
            "options": [ ],
            "query": "prometheus",
            "refresh": 1,
            "regex": "",
            "type": "datasource"
         },
         {
            "allValue": null,
            "current": {
               "text": "all",
               "value": "$__all"
            },
            "datasource": "$PROMETHEUS_DS",
            "hide": 0,
            "includeAll": true,
            "label": "Node",
            "multi": true,
            "name": "node",
            "options": [ ],
            "query": "label_values(node_cpu_seconds_total{cpu=\"0\", mode=\"user\", environment=\"$environment\", cluster=\"$cluster\", datacenter=~\"$datacenter\", rack=~\"$rack\"}, node)",
            "refresh": 2,
            "regex": "",
            "sort": 0,
            "tagValuesQuery": "",
            "tags": [ ],
            "tagsQuery": "",
            "type": "query",
            "useTags": false
         }
      ]
   },
   "time": {
      "from": "now-15m",
      "to": "now"
   },
   "timepicker": {
      "refresh_intervals": [
         "5s",
         "10s",
         "30s",
         "1m",
         "5m",
         "15m",
         "30m",
         "1h",
         "2h",
         "1d"
      ],
      "time_options": [
         "5m",
         "15m",
         "1h",
         "6h",
         "12h",
         "24h",
         "2d",
         "7d",
         "30d"
      ]
   },
   "timezone": "browser",
   "title": "Caches",
   "version": 0
}
