{
   "__inputs": [ ],
   "__requires": [ ],
   "annotations": {
      "list": [ ]
   },
   "editable": true,
   "gnetId": null,
   "graphTooltip": 0,
   "hideControls": false,
   "id": null,
   "links": [ ],
   "refresh": "1m",
   "rows": [
      {
         "collapse": false,
         "collapsed": false,
         "panels": [
            {
               "cacheTimeout": null,
               "colorBackground": false,
               "colorValue": false,
               "colors": [
                  "#299c46",
                  "rgba(237, 129, 40, 0.89)",
                  "#d44a3a"
               ],
               "datasource": "$PROMETHEUS_DS",
               "decimals": 0,
               "description": "Average of CPU usage",
               "format": "percentunit",
               "gauge": {
                  "maxValue": 1,
                  "minValue": 0,
                  "show": true,
                  "thresholdLabels": false,
                  "thresholdMarkers": true
               },
               "gridPos": {
                  "h": 4,
                  "w": 4
               },
               "id": 2,
               "interval": null,
               "links": [ ],
               "mappingType": 1,
               "mappingTypes": [
                  {
                     "name": "value to text",
                     "value": 1
                  },
                  {
                     "name": "range to text",
                     "value": 2
                  }
               ],
               "maxDataPoints": 100,
               "nullPointMode": "connected",
               "nullText": null,
               "postfix": "",
               "postfixFontSize": "50%",
               "prefix": "",
               "prefixFontSize": "50%",
               "rangeMaps": [
                  {
                     "from": "null",
                     "text": "N/A",
                     "to": "null"
                  }
               ],
               "span": 2,
               "sparkline": {
                  "fillColor": "rgba(31, 118, 189, 0.18)",
                  "full": false,
                  "lineColor": "rgb(31, 120, 193)",
                  "show": false
               },
               "tableColumn": "",
               "targets": [
                  {
                     "expr": "avg by (environment, cluster) (1 - avg by (environment, cluster, datacenter, rack, node) (irate(node_cpu_seconds_total{mode=\"idle\", environment=\"$environment\", cluster=\"$cluster\", datacenter=~\"$datacenter\", rack=~\"$rack\"}[1m])))",
                     "format": "time_series",
                     "intervalFactor": 2,
                     "legendFormat": "",
                     "refId": "A"
                  }
               ],
               "thresholds": "0.50,0.75",
               "timeFrom": "",
               "title": "Avg CPU",
               "transparent": true,
               "type": "singlestat",
               "valueFontSize": "80%",
               "valueMaps": [
                  {
                     "op": "=",
                     "text": "N/A",
                     "value": "null"
                  }
               ],
               "valueName": "avg"
            },
            {
               "cacheTimeout": null,
               "colorBackground": false,
               "colorValue": false,
               "colors": [
                  "#299c46",
                  "rgba(237, 129, 40, 0.89)",
                  "#d44a3a"
               ],
               "datasource": "$PROMETHEUS_DS",
               "description": "Average of network throughput (in + out)",
               "format": "bps",
               "gauge": {
                  "maxValue": 100,
                  "minValue": 0,
                  "show": false,
                  "thresholdLabels": false,
                  "thresholdMarkers": true
               },
               "gridPos": {
                  "h": 4,
                  "w": 4
               },
               "id": 3,
               "interval": null,
               "links": [ ],
               "mappingType": 1,
               "mappingTypes": [
                  {
                     "name": "value to text",
                     "value": 1
                  },
                  {
                     "name": "range to text",
                     "value": 2
                  }
               ],
               "maxDataPoints": 100,
               "nullPointMode": "connected",
               "nullText": null,
               "postfix": "",
               "postfixFontSize": "50%",
               "prefix": "",
               "prefixFontSize": "50%",
               "rangeMaps": [
                  {
                     "from": "null",
                     "text": "N/A",
                     "to": "null"
                  }
               ],
               "span": 2,
               "sparkline": {
                  "fillColor": "rgba(31, 118, 189, 0.18)",
                  "full": false,
                  "lineColor": "rgb(31, 120, 193)",
                  "show": true
               },
               "tableColumn": "",
               "targets": [
                  {
                     "expr": "avg by (environment, cluster) (irate(node_network_receive_bytes_total{environment=\"$environment\", cluster=\"$cluster\", datacenter=~\"$datacenter\", rack=~\"$rack\"}[1m]))\n        + avg by (environment, cluster) (irate(node_network_transmit_bytes_total{environment=\"$environment\", cluster=\"$cluster\", datacenter=~\"$datacenter\", rack=~\"$rack\"}[1m]))",
                     "format": "time_series",
                     "intervalFactor": 2,
                     "legendFormat": "",
                     "refId": "A"
                  }
               ],
               "thresholds": "",
               "timeFrom": "",
               "title": "Avg Network Throughput",
               "transparent": true,
               "type": "singlestat",
               "valueFontSize": "80%",
               "valueMaps": [
                  {
                     "op": "=",
                     "text": "N/A",
                     "value": "null"
                  }
               ],
               "valueName": "avg"
            },
            {
               "cacheTimeout": null,
               "colorBackground": false,
               "colorValue": false,
               "colors": [
                  "#299c46",
                  "rgba(237, 129, 40, 0.89)",
                  "#d44a3a"
               ],
               "datasource": "$PROMETHEUS_DS",
               "description": "Average of disk throughput (reads + writes)",
               "format": "bps",
               "gauge": {
                  "maxValue": 100,
                  "minValue": 0,
                  "show": false,
                  "thresholdLabels": false,
                  "thresholdMarkers": true
               },
               "gridPos": {
                  "h": 4,
                  "w": 4
               },
               "id": 4,
               "interval": null,
               "links": [ ],
               "mappingType": 1,
               "mappingTypes": [
                  {
                     "name": "value to text",
                     "value": 1
                  },
                  {
                     "name": "range to text",
                     "value": 2
                  }
               ],
               "maxDataPoints": 100,
               "nullPointMode": "connected",
               "nullText": null,
               "postfix": "",
               "postfixFontSize": "50%",
               "prefix": "",
               "prefixFontSize": "50%",
               "rangeMaps": [
                  {
                     "from": "null",
                     "text": "N/A",
                     "to": "null"
                  }
               ],
               "span": 2,
               "sparkline": {
                  "fillColor": "rgba(31, 118, 189, 0.18)",
                  "full": false,
                  "lineColor": "rgb(31, 120, 193)",
                  "show": true
               },
               "tableColumn": "",
               "targets": [
                  {
                     "expr": "avg by (environment, cluster) (irate(node_disk_read_bytes_total{environment=\"$environment\", cluster=\"$cluster\", datacenter=~\"$datacenter\", rack=~\"$rack\"}[1m]))",
                     "format": "time_series",
                     "intervalFactor": 2,
                     "legendFormat": "",
                     "refId": "A"
                  }
               ],
               "thresholds": "",
               "timeFrom": "",
               "title": "Average Disk Throughput",
               "transparent": true,
               "type": "singlestat",
               "valueFontSize": "80%",
               "valueMaps": [
                  {
                     "op": "=",
                     "text": "N/A",
                     "value": "null"
                  }
               ],
               "valueName": "avg"
            },
            {
               "cacheTimeout": null,
               "colorBackground": false,
               "colorValue": false,
               "colors": [
                  "#299c46",
                  "rgba(237, 129, 40, 0.89)",
                  "#d44a3a"
               ],
               "datasource": "$PROMETHEUS_DS",
               "decimals": 0,
               "description": "Request throughput, \"RF * numberOfClientRequests\"",
               "format": "rps",
               "gauge": {
                  "maxValue": 100,
                  "minValue": 0,
                  "show": false,
                  "thresholdLabels": false,
                  "thresholdMarkers": true
               },
               "gridPos": {
                  "h": 4,
                  "w": 4
               },
               "id": 5,
               "interval": null,
               "links": [ ],
               "mappingType": 1,
               "mappingTypes": [
                  {
                     "name": "value to text",
                     "value": 1
                  },
                  {
                     "name": "range to text",
                     "value": 2
                  }
               ],
               "maxDataPoints": 100,
               "nullPointMode": "connected",
               "nullText": null,
               "postfix": "",
               "postfixFontSize": "50%",
               "prefix": "",
               "prefixFontSize": "50%",
               "rangeMaps": [
                  {
                     "from": "null",
                     "text": "N/A",
                     "to": "null"
                  }
               ],
               "span": 2,
               "sparkline": {
                  "fillColor": "rgba(31, 118, 189, 0.18)",
                  "full": false,
                  "lineColor": "rgb(31, 120, 193)",
                  "show": true
               },
               "tableColumn": "",
               "targets": [
                  {
                     "expr": "sum by (environment, cluster) (irate(org_apache_cassandra_metrics_threadpools_value{scope=\"Native-Transport-Requests\", name=\"CompletedTasks\", environment=\"$environment\", cluster=\"$cluster\", datacenter=~\"$datacenter\", rack=~\"$rack\",}[1m]))",
                     "format": "time_series",
                     "intervalFactor": 2,
                     "legendFormat": "",
                     "refId": "A"
                  }
               ],
               "thresholds": "",
               "timeFrom": "",
               "title": "Requests per Second",
               "transparent": true,
               "type": "singlestat",
               "valueFontSize": "80%",
               "valueMaps": [
                  {
                     "op": "=",
                     "text": "N/A",
                     "value": "null"
                  }
               ],
               "valueName": "avg"
            },
            {
               "cacheTimeout": null,
               "colorBackground": false,
               "colorValue": false,
               "colors": [
                  "#299c46",
                  "rgba(237, 129, 40, 0.89)",
                  "#d44a3a"
               ],
               "datasource": "$PROMETHEUS_DS",
               "description": "Sum of blocked tasks",
               "format": "short",
               "gauge": {
                  "maxValue": 100,
                  "minValue": 0,
                  "show": false,
                  "thresholdLabels": false,
                  "thresholdMarkers": true
               },
               "gridPos": {
                  "h": 4,
                  "w": 4
               },
               "id": 6,
               "interval": null,
               "links": [ ],
               "mappingType": 1,
               "mappingTypes": [
                  {
                     "name": "value to text",
                     "value": 1
                  },
                  {
                     "name": "range to text",
                     "value": 2
                  }
               ],
               "maxDataPoints": 100,
               "nullPointMode": "connected",
               "nullText": null,
               "postfix": "",
               "postfixFontSize": "50%",
               "prefix": "",
               "prefixFontSize": "50%",
               "rangeMaps": [
                  {
                     "from": "null",
                     "text": "N/A",
                     "to": "null"
                  }
               ],
               "span": 2,
               "sparkline": {
                  "fillColor": "rgba(31, 118, 189, 0.18)",
                  "full": false,
                  "lineColor": "rgb(31, 120, 193)",
                  "show": false
               },
               "tableColumn": "",
               "targets": [
                  {
                     "expr": "sum by (environment, cluster) (irate(org_apache_cassandra_metrics_threadpools_count{name=\"TotalBlockedTasks\", environment=\"$environment\", cluster=\"$cluster\", datacenter=~\"$datacenter\", rack=~\"$rack\"}[1m]))",
                     "format": "time_series",
                     "intervalFactor": 2,
                     "legendFormat": "",
                     "refId": "A"
                  }
               ],
               "thresholds": "",
               "timeFrom": "",
               "title": "Blocked Tasks",
               "transparent": true,
               "type": "singlestat",
               "valueFontSize": "80%",
               "valueMaps": [
                  {
                     "op": "=",
                     "text": "N/A",
                     "value": "null"
                  }
               ],
               "valueName": "avg"
            }
         ],
         "repeat": null,
         "repeatIteration": null,
         "repeatRowId": null,
         "showTitle": true,
         "title": "Quick Stats",
         "titleSize": "h6",
         "type": "row"
      }
   ],
   "schemaVersion": 14,
   "style": "dark",
   "tags": [
      "Cassandra",
      "Stats"
   ],
   "templating": {
      "list": [
         {
            "current": {
               "text": "Prometheus",
               "value": "Prometheus"
            },
            "hide": 1,
            "label": null,
            "name": "PROMETHEUS_DS",
            "options": [ ],
            "query": "prometheus",
            "refresh": 1,
            "regex": "",
            "type": "datasource"
         },
         {
            "allValue": null,
            "current": { },
            "datasource": "$PROMETHEUS_DS",
            "hide": 0,
            "includeAll": false,
            "label": "Environment",
            "multi": false,
            "name": "environment",
            "options": [ ],
            "query": "label_values(org_apache_cassandra_metrics_clientrequest_oneminuterate, environment)",
            "refresh": 2,
            "regex": "",
            "sort": 0,
            "tagValuesQuery": "",
            "tags": [ ],
            "tagsQuery": "",
            "type": "query",
            "useTags": false
         },
         {
            "allValue": null,
            "current": { },
            "datasource": "$PROMETHEUS_DS",
            "hide": 0,
            "includeAll": false,
            "label": "Cluster",
            "multi": false,
            "name": "cluster",
            "options": [ ],
            "query": "label_values(org_apache_cassandra_metrics_clientrequest_oneminuterate{environment=\"$environment\"}, cluster)",
            "refresh": 2,
            "regex": "",
            "sort": 0,
            "tagValuesQuery": "",
            "tags": [ ],
            "tagsQuery": "",
            "type": "query",
            "useTags": false
         },
         {
            "allValue": null,
            "current": { },
            "datasource": "$PROMETHEUS_DS",
            "hide": 0,
            "includeAll": true,
            "label": "Datacenter",
            "multi": true,
            "name": "datacenter",
            "options": [ ],
            "query": "label_values(org_apache_cassandra_metrics_clientrequest_oneminuterate{environment=\"$environment\", cluster=\"$cluster\"}, datacenter)",
            "refresh": 2,
            "regex": "",
            "sort": 0,
            "tagValuesQuery": "",
            "tags": [ ],
            "tagsQuery": "",
            "type": "query",
            "useTags": false
         },
         {
            "allValue": null,
            "current": { },
            "datasource": "$PROMETHEUS_DS",
            "hide": 0,
            "includeAll": true,
            "label": "Rack",
            "multi": true,
            "name": "rack",
            "options": [ ],
            "query": "label_values(org_apache_cassandra_metrics_clientrequest_oneminuterate{environment=\"$environment\", cluster=\"$cluster\", datacenter=~\"$datacenter\"}, rack)",
            "refresh": 2,
            "regex": "",
            "sort": 0,
            "tagValuesQuery": "",
            "tags": [ ],
            "tagsQuery": "",
            "type": "query",
            "useTags": false
         },
         {
            "allValue": null,
            "current": {
               "text": "all",
               "value": "$__all"
            },
            "datasource": "$PROMETHEUS_DS",
            "hide": 0,
            "includeAll": true,
            "label": "Node",
            "multi": true,
            "name": "node",
            "options": [ ],
            "query": "label_values(org_apache_cassandra_metrics_clientrequest_oneminuterate{environment=\"$environment\", cluster=\"$cluster\", datacenter=~\"$datacenter\", rack=~\"$rack\"}, node)",
            "refresh": 2,
            "regex": "",
            "sort": 0,
            "tagValuesQuery": "",
            "tags": [ ],
            "tagsQuery": "",
            "type": "query",
            "useTags": false
         }
      ]
   },
   "time": {
      "from": "now-15m",
      "to": "now"
   },
   "timepicker": {
      "refresh_intervals": [
         "5s",
         "10s",
         "30s",
         "1m",
         "5m",
         "15m",
         "30m",
         "1h",
         "2h",
         "1d"
      ],
      "time_options": [
         "5m",
         "15m",
         "1h",
         "6h",
         "12h",
         "24h",
         "2d",
         "7d",
         "30d"
      ]
   },
   "timezone": "browser",
   "title": "Cassandra Quick Stats",
   "version": 0
}
