{
   "__inputs": [ ],
   "__requires": [ ],
   "annotations": {
      "list": [ ]
   },
   "editable": true,
   "gnetId": null,
   "graphTooltip": 0,
   "hideControls": false,
   "id": null,
   "links": [ ],
   "refresh": "1m",
   "rows": [
      {
         "collapse": false,
         "collapsed": false,
         "panels": [
            {
               "aliasColors": { },
               "bars": false,
               "dashLength": 10,
               "dashes": false,
               "datasource": "$PROMETHEUS_DS",
               "description": "Disk Throughput",
               "fill": 1,
               "gridPos": { },
               "id": 2,
               "legend": {
                  "alignAsTable": false,
                  "avg": false,
                  "current": false,
                  "max": false,
                  "min": false,
                  "rightSide": false,
                  "show": true,
                  "total": false,
                  "values": false
               },
               "lines": true,
               "linewidth": 1,
               "links": [ ],
               "nullPointMode": "null",
               "percentage": false,
               "pointradius": 5,
               "points": false,
               "renderer": "flot",
               "repeat": null,
               "seriesOverrides": [ ],
               "spaceLength": 10,
               "stack": false,
               "steppedLine": false,
               "targets": [
                  {
                     "expr": "sum(rate(node_disk_read_bytes_total[1m]) ) by (instance)",
                     "format": "time_series",
                     "intervalFactor": 2,
                     "legendFormat": "{{instance}}",
                     "refId": "A"
                  }
               ],
               "thresholds": [ ],
               "timeFrom": null,
               "timeShift": null,
               "title": "Disk Throughput",
               "tooltip": {
                  "shared": true,
                  "sort": 0,
                  "value_type": "individual"
               },
               "type": "graph",
               "xaxis": {
                  "buckets": null,
                  "mode": "time",
                  "name": null,
                  "show": true,
                  "values": [ ]
               },
               "yaxes": [
                  {
                     "format": "short",
                     "label": null,
                     "logBase": 1,
                     "max": null,
                     "min": null,
                     "show": true
                  },
                  {
                     "format": "short",
                     "label": null,
                     "logBase": 1,
                     "max": null,
                     "min": null,
                     "show": true
                  }
               ]
            }
         ],
         "repeat": null,
         "repeatIteration": null,
         "repeatRowId": null,
         "showTitle": true,
         "title": "Disk",
         "titleSize": "h6",
         "type": "row"
      },
      {
         "collapse": false,
         "collapsed": false,
         "panels": [
            {
               "aliasColors": { },
               "bars": false,
               "dashLength": 10,
               "dashes": false,
               "datasource": "$PROMETHEUS_DS",
               "description": "CPU Usage",
               "fill": 1,
               "gridPos": { },
               "id": 3,
               "legend": {
                  "alignAsTable": false,
                  "avg": false,
                  "current": false,
                  "max": false,
                  "min": false,
                  "rightSide": false,
                  "show": true,
                  "total": false,
                  "values": false
               },
               "lines": true,
               "linewidth": 1,
               "links": [ ],
               "nullPointMode": "null",
               "percentage": false,
               "pointradius": 5,
               "points": false,
               "renderer": "flot",
               "repeat": null,
               "seriesOverrides": [ ],
               "spaceLength": 10,
               "stack": false,
               "steppedLine": false,
               "targets": [
                  {
                     "expr": "100-(100 * avg(rate(node_cpu_seconds_total{mode=\"idle\"}[30s])) by (instance))",
                     "format": "time_series",
                     "intervalFactor": 2,
                     "legendFormat": "{{instance}}",
                     "refId": "A"
                  }
               ],
               "thresholds": [ ],
               "timeFrom": null,
               "timeShift": null,
               "title": "CPU",
               "tooltip": {
                  "shared": true,
                  "sort": 0,
                  "value_type": "individual"
               },
               "type": "graph",
               "xaxis": {
                  "buckets": null,
                  "mode": "time",
                  "name": null,
                  "show": true,
                  "values": [ ]
               },
               "yaxes": [
                  {
                     "format": "short",
                     "label": null,
                     "logBase": 1,
                     "max": null,
                     "min": null,
                     "show": true
                  },
                  {
                     "format": "short",
                     "label": null,
                     "logBase": 1,
                     "max": null,
                     "min": null,
                     "show": true
                  }
               ]
            }
         ],
         "repeat": null,
         "repeatIteration": null,
         "repeatRowId": null,
         "showTitle": true,
         "title": "CPU",
         "titleSize": "h6",
         "type": "row"
      },
      {
         "collapse": false,
         "collapsed": false,
         "panels": [
            {
               "aliasColors": { },
               "bars": false,
               "dashLength": 10,
               "dashes": false,
               "datasource": "$PROMETHEUS_DS",
               "description": "Network Transmit Usage",
               "fill": 1,
               "gridPos": { },
               "id": 4,
               "legend": {
                  "alignAsTable": false,
                  "avg": false,
                  "current": false,
                  "max": false,
                  "min": false,
                  "rightSide": false,
                  "show": true,
                  "total": false,
                  "values": false
               },
               "lines": true,
               "linewidth": 1,
               "links": [ ],
               "nullPointMode": "null",
               "percentage": false,
               "pointradius": 5,
               "points": false,
               "renderer": "flot",
               "repeat": null,
               "seriesOverrides": [ ],
               "spaceLength": 10,
               "stack": false,
               "steppedLine": false,
               "targets": [
                  {
                     "expr": "sum(rate(node_network_transmit_bytes_total[1m])) by (instance)",
                     "format": "time_series",
                     "intervalFactor": 2,
                     "legendFormat": "{{instance}}",
                     "refId": "A"
                  }
               ],
               "thresholds": [ ],
               "timeFrom": null,
               "timeShift": null,
               "title": "Network Traffit - Transmit",
               "tooltip": {
                  "shared": true,
                  "sort": 0,
                  "value_type": "individual"
               },
               "type": "graph",
               "xaxis": {
                  "buckets": null,
                  "mode": "time",
                  "name": null,
                  "show": true,
                  "values": [ ]
               },
               "yaxes": [
                  {
                     "format": "bytes",
                     "label": null,
                     "logBase": 1,
                     "max": null,
                     "min": null,
                     "show": true
                  },
                  {
                     "format": "bytes",
                     "label": null,
                     "logBase": 1,
                     "max": null,
                     "min": null,
                     "show": true
                  }
               ]
            },
            {
               "aliasColors": { },
               "bars": false,
               "dashLength": 10,
               "dashes": false,
               "datasource": "$PROMETHEUS_DS",
               "description": "Network Receiving Usage",
               "fill": 1,
               "gridPos": { },
               "id": 5,
               "legend": {
                  "alignAsTable": false,
                  "avg": false,
                  "current": false,
                  "max": false,
                  "min": false,
                  "rightSide": false,
                  "show": true,
                  "total": false,
                  "values": false
               },
               "lines": true,
               "linewidth": 1,
               "links": [ ],
               "nullPointMode": "null",
               "percentage": false,
               "pointradius": 5,
               "points": false,
               "renderer": "flot",
               "repeat": null,
               "seriesOverrides": [ ],
               "spaceLength": 10,
               "stack": false,
               "steppedLine": false,
               "targets": [
                  {
                     "expr": "sum(rate(node_network_receive_bytes_total[1m])) by (instance)",
                     "format": "time_series",
                     "intervalFactor": 2,
                     "legendFormat": "{{instance}}",
                     "refId": "A"
                  }
               ],
               "thresholds": [ ],
               "timeFrom": null,
               "timeShift": null,
               "title": "Network Traffit - Receiving",
               "tooltip": {
                  "shared": true,
                  "sort": 0,
                  "value_type": "individual"
               },
               "type": "graph",
               "xaxis": {
                  "buckets": null,
                  "mode": "time",
                  "name": null,
                  "show": true,
                  "values": [ ]
               },
               "yaxes": [
                  {
                     "format": "bytes",
                     "label": null,
                     "logBase": 1,
                     "max": null,
                     "min": null,
                     "show": true
                  },
                  {
                     "format": "bytes",
                     "label": null,
                     "logBase": 1,
                     "max": null,
                     "min": null,
                     "show": true
                  }
               ]
            }
         ],
         "repeat": null,
         "repeatIteration": null,
         "repeatRowId": null,
         "showTitle": true,
         "title": "Network",
         "titleSize": "h6",
         "type": "row"
      }
   ],
   "schemaVersion": 14,
   "style": "dark",
   "tags": [
      "Cassandra",
      "Resources",
      "Network",
      "Disk"
   ],
   "templating": {
      "list": [
         {
            "current": {
               "text": "Prometheus",
               "value": "Prometheus"
            },
            "hide": 1,
            "label": null,
            "name": "PROMETHEUS_DS",
            "options": [ ],
            "query": "prometheus",
            "refresh": 1,
            "regex": "",
            "type": "datasource"
         },
         {
            "allValue": null,
            "current": {
               "text": "all",
               "value": "$__all"
            },
            "datasource": "$PROMETHEUS_DS",
            "hide": 0,
            "includeAll": true,
            "label": "Node",
            "multi": true,
            "name": "node",
            "options": [ ],
            "query": "label_values(node_cpu_seconds_total{cpu=\"0\", mode=\"user\", environment=\"$environment\", cluster=\"$cluster\", datacenter=~\"$datacenter\", rack=~\"$rack\"}, node)",
            "refresh": 2,
            "regex": "",
            "sort": 0,
            "tagValuesQuery": "",
            "tags": [ ],
            "tagsQuery": "",
            "type": "query",
            "useTags": false
         }
      ]
   },
   "time": {
      "from": "now-15m",
      "to": "now"
   },
   "timepicker": {
      "refresh_intervals": [
         "5s",
         "10s",
         "30s",
         "1m",
         "5m",
         "15m",
         "30m",
         "1h",
         "2h",
         "1d"
      ],
      "time_options": [
         "5m",
         "15m",
         "1h",
         "6h",
         "12h",
         "24h",
         "2d",
         "7d",
         "30d"
      ]
   },
   "timezone": "browser",
   "title": "System Resources",
   "version": 0
}
