{
   "__inputs": [ ],
   "__requires": [ ],
   "annotations": {
      "list": [ ]
   },
   "editable": true,
   "gnetId": null,
   "graphTooltip": 0,
   "hideControls": false,
   "id": null,
   "links": [ ],
   "refresh": "5s",
   "rows": [
      {
         "collapse": false,
         "collapsed": false,
         "panels": [
            {
               "cacheTimeout": null,
               "colorBackground": false,
               "colorValue": false,
               "colors": [
                  "#299c46",
                  "rgba(237, 129, 40, 0.89)",
                  "#d44a3a"
               ],
               "datasource": "$PROMETHEUS_DS",
               "description": "Aggregate Writes / Second",
               "format": "none",
               "gauge": {
                  "maxValue": 100,
                  "minValue": 0,
                  "show": false,
                  "thresholdLabels": false,
                  "thresholdMarkers": true
               },
               "gridPos": { },
               "id": 2,
               "interval": null,
               "links": [ ],
               "mappingType": 1,
               "mappingTypes": [
                  {
                     "name": "value to text",
                     "value": 1
                  },
                  {
                     "name": "range to text",
                     "value": 2
                  }
               ],
               "maxDataPoints": 100,
               "nullPointMode": "connected",
               "nullText": null,
               "postfix": " writes/s",
               "postfixFontSize": "50%",
               "prefix": "",
               "prefixFontSize": "50%",
               "rangeMaps": [
                  {
                     "from": "null",
                     "text": "N/A",
                     "to": "null"
                  }
               ],
               "sparkline": {
                  "fillColor": "rgba(31, 118, 189, 0.18)",
                  "full": false,
                  "lineColor": "rgb(31, 120, 193)",
                  "show": true
               },
               "tableColumn": "",
               "targets": [
                  {
                     "expr": "sum(irate(mutations_count{job=\"stress\"}[15s]))",
                     "format": "time_series",
                     "intervalFactor": 2,
                     "legendFormat": "",
                     "refId": "A"
                  }
               ],
               "thresholds": "",
               "timeFrom": "30s",
               "title": "Aggregate Writes / Second",
               "type": "singlestat",
               "valueFontSize": "80%",
               "valueMaps": [
                  {
                     "op": "=",
                     "text": "N/A",
                     "value": "null"
                  }
               ],
               "valueName": "current"
            },
            {
               "cacheTimeout": null,
               "colorBackground": false,
               "colorValue": false,
               "colors": [
                  "#299c46",
                  "rgba(237, 129, 40, 0.89)",
                  "#d44a3a"
               ],
               "datasource": "$PROMETHEUS_DS",
               "description": "Aggregate Reads / Second",
               "format": "none",
               "gauge": {
                  "maxValue": 100,
                  "minValue": 0,
                  "show": false,
                  "thresholdLabels": false,
                  "thresholdMarkers": true
               },
               "gridPos": { },
               "id": 3,
               "interval": null,
               "links": [ ],
               "mappingType": 1,
               "mappingTypes": [
                  {
                     "name": "value to text",
                     "value": 1
                  },
                  {
                     "name": "range to text",
                     "value": 2
                  }
               ],
               "maxDataPoints": 100,
               "nullPointMode": "connected",
               "nullText": null,
               "postfix": " reads/s",
               "postfixFontSize": "50%",
               "prefix": "",
               "prefixFontSize": "50%",
               "rangeMaps": [
                  {
                     "from": "null",
                     "text": "N/A",
                     "to": "null"
                  }
               ],
               "sparkline": {
                  "fillColor": "rgba(31, 118, 189, 0.18)",
                  "full": false,
                  "lineColor": "rgb(31, 120, 193)",
                  "show": true
               },
               "tableColumn": "",
               "targets": [
                  {
                     "expr": "sum(irate(selects_count{job=\"stress\"}[15s]))",
                     "format": "time_series",
                     "intervalFactor": 2,
                     "legendFormat": "",
                     "refId": "A"
                  }
               ],
               "thresholds": "",
               "timeFrom": "30s",
               "title": "Aggregate Reads / Second",
               "type": "singlestat",
               "valueFontSize": "80%",
               "valueMaps": [
                  {
                     "op": "=",
                     "text": "N/A",
                     "value": "null"
                  }
               ],
               "valueName": "current"
            },
            {
               "cacheTimeout": null,
               "colorBackground": false,
               "colorValue": false,
               "colors": [
                  "#299c46",
                  "rgba(237, 129, 40, 0.89)",
                  "#d44a3a"
               ],
               "datasource": "$PROMETHEUS_DS",
               "description": "Aggregate Errors / Second",
               "format": "none",
               "gauge": {
                  "maxValue": 100,
                  "minValue": 0,
                  "show": false,
                  "thresholdLabels": false,
                  "thresholdMarkers": true
               },
               "gridPos": { },
               "id": 4,
               "interval": null,
               "links": [ ],
               "mappingType": 1,
               "mappingTypes": [
                  {
                     "name": "value to text",
                     "value": 1
                  },
                  {
                     "name": "range to text",
                     "value": 2
                  }
               ],
               "maxDataPoints": 100,
               "nullPointMode": "connected",
               "nullText": null,
               "postfix": " errors/s",
               "postfixFontSize": "50%",
               "prefix": "",
               "prefixFontSize": "50%",
               "rangeMaps": [
                  {
                     "from": "null",
                     "text": "N/A",
                     "to": "null"
                  }
               ],
               "sparkline": {
                  "fillColor": "rgba(31, 118, 189, 0.18)",
                  "full": false,
                  "lineColor": "rgb(31, 120, 193)",
                  "show": true
               },
               "tableColumn": "",
               "targets": [
                  {
                     "expr": "sum(irate(errors_total{job=\"stress\"}[15s]))",
                     "format": "time_series",
                     "intervalFactor": 2,
                     "legendFormat": "",
                     "refId": "A"
                  }
               ],
               "thresholds": "",
               "timeFrom": "30s",
               "title": "Aggregate Errors / Second",
               "type": "singlestat",
               "valueFontSize": "80%",
               "valueMaps": [
                  {
                     "op": "=",
                     "text": "N/A",
                     "value": "null"
                  }
               ],
               "valueName": "current"
            }
         ],
         "repeat": null,
         "repeatIteration": null,
         "repeatRowId": null,
         "showTitle": true,
         "title": "Stress Overview",
         "titleSize": "h6",
         "type": "row"
      },
      {
         "collapse": false,
         "collapsed": false,
         "panels": [
            {
               "aliasColors": { },
               "bars": false,
               "dashLength": 10,
               "dashes": false,
               "datasource": "$PROMETHEUS_DS",
               "description": "p99 Write Latency (ms)",
               "fill": 0,
               "gridPos": { },
               "id": 5,
               "legend": {
                  "alignAsTable": true,
                  "avg": false,
                  "current": true,
                  "max": false,
                  "min": false,
                  "rightSide": false,
                  "show": true,
                  "sort": "current",
                  "sortDesc": true,
                  "total": false,
                  "values": true
               },
               "lines": true,
               "linewidth": 1,
               "links": [ ],
               "nullPointMode": "null",
               "percentage": false,
               "pointradius": 5,
               "points": false,
               "renderer": "flot",
               "repeat": null,
               "seriesOverrides": [ ],
               "spaceLength": 10,
               "stack": false,
               "steppedLine": false,
               "targets": [
                  {
                     "expr": "mutations{quantile=\"0.99\", job=\"stress\"} * 1000",
                     "format": "time_series",
                     "intervalFactor": 2,
                     "legendFormat": "{{instance}}",
                     "refId": "A"
                  }
               ],
               "thresholds": [ ],
               "timeFrom": null,
               "timeShift": null,
               "title": "Write Latency (p99)",
               "tooltip": {
                  "shared": false,
                  "sort": 0,
                  "value_type": "individual"
               },
               "transparent": true,
               "type": "graph",
               "xaxis": {
                  "buckets": null,
                  "mode": "time",
                  "name": null,
                  "show": true,
                  "values": [ ]
               },
               "yaxes": [
                  {
                     "decimals": 2,
                     "format": "short",
                     "label": null,
                     "logBase": 1,
                     "max": null,
                     "min": 0,
                     "show": true
                  },
                  {
                     "decimals": 2,
                     "format": "short",
                     "label": null,
                     "logBase": 1,
                     "max": null,
                     "min": 0,
                     "show": true
                  }
               ]
            },
            {
               "aliasColors": { },
               "bars": false,
               "dashLength": 10,
               "dashes": false,
               "datasource": "$PROMETHEUS_DS",
               "description": "p99 Read Latency (ms)",
               "fill": 0,
               "gridPos": { },
               "id": 6,
               "legend": {
                  "alignAsTable": true,
                  "avg": false,
                  "current": true,
                  "max": false,
                  "min": false,
                  "rightSide": false,
                  "show": true,
                  "sort": "current",
                  "sortDesc": true,
                  "total": false,
                  "values": true
               },
               "lines": true,
               "linewidth": 1,
               "links": [ ],
               "nullPointMode": "null",
               "percentage": false,
               "pointradius": 5,
               "points": false,
               "renderer": "flot",
               "repeat": null,
               "seriesOverrides": [ ],
               "spaceLength": 10,
               "stack": false,
               "steppedLine": false,
               "targets": [
                  {
                     "expr": "selects{quantile=\"0.99\", job=\"stress\"} * 1000",
                     "format": "time_series",
                     "intervalFactor": 2,
                     "legendFormat": "{{instance}}",
                     "refId": "A"
                  }
               ],
               "thresholds": [ ],
               "timeFrom": null,
               "timeShift": null,
               "title": "Read Latency (p99)",
               "tooltip": {
                  "shared": false,
                  "sort": 0,
                  "value_type": "individual"
               },
               "transparent": true,
               "type": "graph",
               "xaxis": {
                  "buckets": null,
                  "mode": "time",
                  "name": null,
                  "show": true,
                  "values": [ ]
               },
               "yaxes": [
                  {
                     "decimals": 2,
                     "format": "short",
                     "label": null,
                     "logBase": 1,
                     "max": null,
                     "min": 0,
                     "show": true
                  },
                  {
                     "decimals": 2,
                     "format": "short",
                     "label": null,
                     "logBase": 1,
                     "max": null,
                     "min": 0,
                     "show": true
                  }
               ]
            }
         ],
         "repeat": null,
         "repeatIteration": null,
         "repeatRowId": null,
         "showTitle": true,
         "title": "Latency",
         "titleSize": "h6",
         "type": "row"
      }
   ],
   "schemaVersion": 14,
   "style": "dark",
   "tags": [
      "Cassandra",
      "Overview",
      "Stress"
   ],
   "templating": {
      "list": [
         {
            "current": {
               "text": "Prometheus",
               "value": "Prometheus"
            },
            "hide": 1,
            "label": null,
            "name": "PROMETHEUS_DS",
            "options": [ ],
            "query": "prometheus",
            "refresh": 1,
            "regex": "",
            "type": "datasource"
         }
      ]
   },
   "time": {
      "from": "now-5m",
      "to": "now"
   },
   "timepicker": {
      "refresh_intervals": [
         "5s",
         "10s",
         "30s",
         "1m",
         "5m",
         "15m",
         "30m",
         "1h",
         "2h",
         "1d"
      ],
      "time_options": [
         "5m",
         "15m",
         "1h",
         "6h",
         "12h",
         "24h",
         "2d",
         "7d",
         "30d"
      ]
   },
   "timezone": "browser",
   "title": "tlp-stress",
   "version": 0
}
